episode,steps,reward_return,episode_return_rate,avg_q1_loss,avg_q2_loss,avg_actor_loss,avg_alpha_loss,alpha,avg_entropy,action_mean,action_std,avg_cash_ratio,avg_position_ratio
0,376,0.07311650591145735,0.2896734481003791,0.0,0.0,0.0,0.0,0.2,0.0,0.4916493505031425,0.28477286326286105,0.5079817861834602,0.49201821381653965
1,376,-0.4348757033585571,-0.18445264611268375,0.0,0.0,0.0,0.0,0.2,0.0,0.504473467189026,0.2931748481666142,0.4955364079597093,0.5044635920402907
2,376,0.3606293994016596,1.1670098947256906,0.0031067668333967296,0.003434825929553183,-0.2354610584849535,-1.9241498098816983,0.19240092840214332,0.6814235485801401,0.4890676747104698,0.29950025031526867,0.5096249934134115,0.4903750065865885
3,376,0.22707074480081246,1.0094951120968827,0.002382180188780036,0.0024182756804177496,-0.3639296312281426,-2.0142888338007827,0.17187592271493546,0.6817970466106495,0.5079498134077863,0.2914943281577386,0.49090159870622074,0.5090984012937793
4,376,0.2849743072729325,0.35545098436950084,0.002922022187936199,0.002888917559175752,-0.5274013900693427,-2.148240753944884,0.15353753620279223,0.6821395570927478,0.514496727906009,0.298343707536899,0.48489435262967984,0.5151056473703202
5,376,-0.11387910164921777,0.36001260977417804,0.0032241038483953937,0.003233824380081484,-0.6765533102319595,-2.2811198412103857,0.13716110827357336,0.6818940289160038,0.48423473259552996,0.29216060761826057,0.514983181936912,0.485016818063088
6,376,0.3024534252654121,0.12564599401763288,0.003477873989044035,0.003500437243851496,-0.8070820893378968,-2.414238784541475,0.1225307099130713,0.6818046508000252,0.4856417875023598,0.29190834944041316,0.5140212676958779,0.4859787323041221
7,376,-0.055282157511101104,0.005415125120048936,0.003999744069779866,0.004044105239371036,-0.9199817754486774,-2.5478270434318704,0.10946141325754084,0.6819373849541583,0.5067496701599435,0.29431942362397234,0.4927062895325836,0.5072937104674164
8,376,0.30999819564317477,-0.14184962955069025,0.004154679845359692,0.004171964129745128,-1.017490749029403,-2.681351589395645,0.09778351157167013,0.6820221242118389,0.5459162028546029,0.29270144380900376,0.4536515131495074,0.5463484868504926
9,376,-0.22758410596907197,-0.47756242996065246,0.004360356028166976,0.004369829369874849,-1.100942775924155,-2.8127862582815455,0.08735754157318429,0.681238462157706,0.509673693950506,0.29848926224456707,0.4904693455947212,0.5095306544052788
10,376,-0.08494880344073863,-0.5361935995922769,0.005068108969506748,0.0050466145262459015,-1.1709827168824825,-2.946741133928299,0.07804085768448533,0.6815424227017037,0.5307214804627793,0.29022681212653306,0.4695994906656751,0.530400509334325
11,376,0.03250521399604622,0.1605086394694979,0.004912463970422903,0.004890684290117822,-1.2288502521337348,-3.0749499449070465,0.06972708969435468,0.6796374714120905,0.50408382040072,0.2951771390073013,0.4952621734342116,0.5047378265657885
12,376,-0.1295061918473266,0.9228094630189354,0.005162718379498519,0.005139109582276123,-1.2705709658404614,-3.205901249926141,0.06229953793036111,0.678930734224776,0.5098917777550981,0.29903637547395717,0.48893631358223477,0.5110636864177652
13,376,0.028831058960349765,1.2163867659674752,0.005807756292113559,0.005812447832988951,-1.2990566698160577,-3.3289517703208515,0.05567457072564131,0.6755371872097888,0.4887982745595435,0.29541381925298416,0.5102062905491215,0.48979370945087847
14,376,-0.30120312291546725,-0.11365632366651945,0.0057116677143061135,0.005699619537211974,-1.3204385945771604,-3.4553716880209904,0.04975699858460745,0.6735987564984788,0.5245921075185562,0.29360358369916434,0.4752819004231113,0.5247180995768888
15,376,0.1345696543721715,0.6425476153665111,0.005637392783141199,0.005670672018784396,-1.3374500021021416,-3.575165613534603,0.04447527403096457,0.6696745477458264,0.5326273427047628,0.301245661711552,0.46667466197772517,0.5333253380222749
16,376,-0.13632960991526488,-0.24898670482196295,0.00581010650475559,0.005822799894265197,-1.3483471613615117,-3.6899259648424514,0.03976433992352971,0.6645186656015984,0.4939211793243885,0.2911361796124679,0.5056722383963035,0.4943277616036965
17,376,-0.11332648179768512,0.5116755766943382,0.005499866838440636,0.005509349316893581,-1.355331650439729,-3.7968150618228504,0.035562775656364086,0.65741218087521,0.4915725410460158,0.2914427456698147,0.5075457925857911,0.4924542074142088
18,376,0.014312019920907915,0.5045746395020125,0.0061174719594419,0.006109531163522835,-1.352607251164761,-3.9008086146192347,0.0318141885736264,0.6500169912234266,0.473864374404892,0.2899158309540327,0.5254237274469029,0.4745762725530971
19,376,0.2743884919618722,4.894652049948181,0.0060993223835000806,0.006101977392198875,-1.338457853553143,-3.9904829352460007,0.02847220144781484,0.6391235954583959,0.48940016099430145,0.31723698189008703,0.5091599445802971,0.490840055419703
20,376,-0.2721446417563129,0.5902341427807538,0.006755008704977685,0.006769890040580302,-1.2900828934730368,-4.0796849518380265,0.025488856738416325,0.6288703730765809,0.48100042422401146,0.322833641168513,0.5184457585131986,0.4815542414868013
21,376,-0.03801164874312235,0.5123916250925682,0.005895256054924524,0.00582659523345857,-1.2694013128255277,-4.190537758330081,0.022810256701383258,0.6250249294841543,0.5072380469200459,0.3126970788022308,0.4923411494854922,0.5076588505145079
22,376,0.5142346906322928,-0.15205543342153316,0.005934754235142386,0.005843546123558438,-1.2580318663348542,-4.273224961250387,0.020420607857396886,0.6140746404515937,0.5669494453579822,0.2907071448709463,0.4327814342153768,0.5672185657846232
23,376,-0.8403085503232433,-0.5317494668113223,0.005863806076763951,0.0058180487391469565,-1.241955229259552,-4.349749870122747,0.018288116208851252,0.6022808389302264,0.500312735901234,0.30735350820624546,0.4994555762410536,0.5005444237589466
24,376,-0.16385408675796498,0.47365129523350036,0.005964144489088869,0.0059400810912732,-1.226152422580313,-4.432980367477904,0.016378631956278047,0.5928289589095623,0.4523337680767191,0.2887448674607742,0.5465231803291055,0.4534768196708944
25,376,-0.011013640416422277,0.49081361853787087,0.00557125328750191,0.005583353816813967,-1.2001354875082666,-4.4653685790427184,0.014683313653272731,0.5718156661283462,0.5487190347085608,0.28859697705995246,0.4505315802297361,0.549468419770264
26,376,-0.07403830548173573,0.9090719730390748,0.005252205932381603,0.005276420566704164,-1.1813750939166292,-4.4800315924147345,0.013177031232468167,0.5479819927602372,0.502168373541629,0.2893645351374218,0.49707332550040934,0.5029266744995908
27,376,-0.05487131986046734,0.13792757295129232,0.005169389252996746,0.005220448569781048,-1.155628723032931,-4.537343675151784,0.011821112463625551,0.5351453828526304,0.5006042363003214,0.29939119138298204,0.4994320931076326,0.5005679068923674
28,376,0.12882674502588998,0.6113006670860772,0.005045854739790307,0.005111168386065401,-1.1386759499920176,-4.616349013561898,0.01060074712502462,0.5276739259666585,0.5217388256433162,0.27177863331591784,0.4778081311500294,0.5221918688499706
29,376,-0.06714014099998167,0.26968759414074683,0.004480836144524646,0.004524472304879926,-1.1161324790817626,-4.511122962261768,0.009533915185296667,0.48077090599752487,0.5356092773219372,0.26893912825374827,0.4638493247299717,0.5361506752700282
30,376,0.6199724740290549,-0.19762049045652674,0.00476799177704379,0.004805088105135935,-1.096101497716092,-4.6078541469066705,0.0085599818981582,0.4790552168133411,0.5929693932387423,0.2899783818261346,0.4069361614804209,0.5930638385195792
31,376,-0.23688586016777435,0.3378415825315959,0.00476488431926787,0.004816246092965965,-1.0746600434501121,-4.584636404159221,0.007693853602153076,0.45242411801789667,0.5463885541291947,0.28176528460256994,0.4533666157291951,0.546633384270805
32,376,-0.06518099818276823,-0.2429632896023367,0.004555689436916084,0.004589688305946147,-1.0511486844179478,-4.534368958879025,0.0069230916948362685,0.42166169459356906,0.5697437021485035,0.2836879386950712,0.43042623000813485,0.5695737699918652
33,376,-0.5736311869801511,-0.570906810784585,0.004352274131614398,0.004369942106967891,-1.030020465242102,-4.487123676437013,0.0062346018542145075,0.3929746660225569,0.6071262982614497,0.2978601076341799,0.3931585243888129,0.6068414756111872
34,376,-0.40990400707232766,2.812096810357275,0.004317435198785499,0.004324922974696977,-1.0054519875569548,-4.377536578381315,0.005624444243233537,0.35352493905799187,0.5094971689296529,0.2556325486572083,0.48900748815687956,0.5109925118431203
35,376,0.5903068335255739,-0.47964778846607403,0.004080886458123519,0.00413773076372231,-0.9752152741272399,-4.280644312818,0.005078431427537987,0.31829278571333025,0.657892106536855,0.31917686100289183,0.3422615348745171,0.6577384651254828
36,376,-0.39377794628671836,-0.13444044412695233,0.004024940082788507,0.004062865712764138,-0.9478125624517177,-4.208435016109588,0.004587128288664809,0.2891145058649969,0.4890513059465175,0.28619216490893584,0.5103377702576501,0.4896622297423499
37,376,0.06322165922028944,0.4648933423287154,0.003936158536816947,0.0040020911605716586,-0.9258386532359935,-3.956629997872292,0.0041597222826294114,0.22827375758478932,0.5181524954102141,0.273131181969147,0.4811059485449417,0.5188940514550583
38,376,0.3111272271416965,-0.5029879006731838,0.0037873944510988136,0.0038261667192428113,-0.9028370662572536,-3.855039802003414,0.0037718138594488152,0.19702594477356353,0.6818277483924906,0.30304447156872366,0.318122129938837,0.6818778700611632
39,376,0.4797339658925921,0.15891878703083817,0.0037245842209581207,0.0037834591779020675,-0.8818955892261039,-3.7853303982856428,0.003416928413047495,0.17245467333123088,0.5638727024197578,0.2899963794288878,0.43595398097329296,0.5640460190267071
40,376,-0.31723343185149133,0.9453953339375749,0.0038309207299422037,0.0039031653079214168,-0.8586305329140197,-3.6988922103922417,0.003095389665633355,0.14576665047640378,0.5088721325105809,0.29621688464709095,0.49022221687429257,0.5097777831257074
41,376,0.011670841351588024,-0.20852521589848338,0.003653937174215358,0.003729012633483124,-0.8340955985353348,-3.4300005921023957,0.002816057554159694,0.08887587215731595,0.629462672595648,0.29356244805850257,0.3706978329587216,0.6293021670412784
42,376,-0.30504716403083876,1.2175667965099373,0.0035449205972056122,0.003600890028657035,-0.8145979097548951,-3.421234409542794,0.0025539505455107413,0.07784122651432977,0.5609091662187525,0.25393468144786974,0.43834427940832715,0.5616557205916729
43,376,-0.0015662425503251143,-0.09390498351505061,0.00344261798934585,0.003495140176729616,-0.7923366700081115,-3.0691999372966747,0.002332084172345985,0.010285588360931526,0.5476758554577827,0.3041422101388837,0.4522215125098217,0.5477784874901783
44,376,-0.1134056594651156,-0.559450416934796,0.003345261851172062,0.0034122891433690577,-0.7743117940869737,-2.6310203631824636,0.0021480476708024693,-0.06878584632563325,0.515591424434109,0.39339007287410943,0.48457949275299567,0.5154205072470044
45,376,0.24972775847709272,1.989945470301322,0.003277349497248577,0.0033278969959281584,-0.7526930128323271,-2.381343442391842,0.001981407790173569,-0.11485441941198239,0.5441544347621025,0.2510824982759352,0.45427534893364513,0.5457246510663548
46,376,-0.45341932284645736,2.121320748581339,0.003155940949503194,0.0032067058869251147,-0.7278485684952838,-2.235625188718451,0.001827455499660914,-0.14308796600101792,0.48809195896412466,0.26245701786944753,0.5107885389111226,0.48921146108887736
47,376,0.44542638360871933,-0.12772412258070331,0.0032842611439496358,0.003305616598462369,-0.7048980814028294,-1.916417330939402,0.0016939767624919236,-0.19783429295181276,0.5488555769019938,0.3222754042868698,0.4508538406562411,0.5491461593437589
48,376,-0.12455384083477838,1.7659236273105048,0.0031901635978856383,0.003223319206339743,-0.6865307999418137,-1.437376973120139,0.0015916890697651967,-0.2758022215752367,0.5303289478129529,0.25721745665512213,0.46859562968546925,0.5314043703145308
49,376,0.05704970718943514,-0.008057515931482406,0.0030490807310227263,0.0030829335771565465,-0.6696576732904354,-1.220249298058371,0.0015008672247713243,-0.3114573086433588,0.6115818724353262,0.291045197168696,0.3880981067472185,0.6119018932527814
50,376,0.2978206902043894,-0.5115855992554779,0.003046443884971829,0.003077142658281794,-0.6548930294019111,-1.3760026162490249,0.001393399852002239,-0.28954644087315634,0.47314315558748044,0.37516282905668263,0.5271535553304612,0.47284644466953885
51,376,-0.20831665716832504,2.0863343315991303,0.0030683476977580366,0.003091188302471679,-0.6353860129701331,-1.3194732585367053,0.0012906891622901768,-0.30047523116375857,0.5263700199888107,0.2950052697378619,0.47251439690750874,0.5274856030924913
52,376,-0.1784390724642435,0.2868700970803342,0.00293003259031003,0.002954837125218275,-0.6122799056007507,-0.6870394720240159,0.0012361283766491758,-0.3970520386194929,0.5267487752469296,0.2862550543898061,0.47247102580109135,0.5275289741989087
53,376,0.2928437740993104,-0.2990508355541014,0.0029654525817332275,0.002999964248800175,-0.5948614083389019,-0.739123434710138,0.0011712531159945648,-0.3900302898218023,0.5786025289525377,0.2752478360693546,0.4216531489764601,0.57834685102354
54,376,-0.18407282113821566,0.36077612220365096,0.0028938902207610614,0.002920744330077333,-0.5814698913947065,-0.8145641996029843,0.0011026392548626062,-0.3798295118390246,0.5494852313335906,0.26721646217121336,0.4499936671606084,0.5500063328393916
55,376,0.09691207940340973,-0.5631145223899643,0.0027293258066725065,0.0027415013511075657,-0.5670294622157482,-0.48679461621461395,0.00105661326547749,-0.4287339771126813,0.46454257779615993,0.36476997972061703,0.5354948715509036,0.4645051284490964
56,376,-0.08344086556462571,-0.5281721989549164,0.0027648898301660973,0.002777953453837557,-0.5528903727201705,-0.13191585543941944,0.0010443225904064161,-0.48075763453194437,0.5817844505481263,0.3331406152665401,0.4185699384251044,0.5814300615748956
57,376,0.12427562156972272,1.4858021247842452,0.002749007795887821,0.002772088318956679,-0.5369241602243261,-0.0009182813389107902,0.0010427632018252305,-0.4998573789254148,0.5151287579631552,0.2687549389373349,0.48399520375155797,0.5160047962484421
58,376,-0.10463994152814848,4.274123992026057,0.002701212922940922,0.0027317424785306163,-0.5189503284686423,-0.25918738797128676,0.0010161005960373497,-0.4623047950419974,0.44045072698846777,0.28056414995064877,0.5579563351930037,0.4420436648069963
59,376,0.18540062266765744,-0.3018292192870311,0.0027110012544769835,0.0027496799435887606,-0.5020338240614597,0.28802098476506294,0.001050388068960753,-0.5418728621716195,0.44028507870562533,0.35062409660169325,0.5598820773314025,0.4401179226685974
60,376,0.415288059735758,0.6235630445915257,0.002645009564188745,0.002661578893473253,-0.4873902644724288,0.22837012280967642,0.0010827092707227266,-0.53335021412436,0.5398824551796659,0.2709014619709988,0.45952654591882375,0.5404734540811763
61,376,0.24146692955400795,2.786075002771595,0.0025980320763452215,0.0026261220649603082,-0.4723254775905863,0.07214536589193851,0.001090119917995503,-0.5105588988579334,0.48303302718286817,0.25443719792471703,0.5155105707567771,0.4844894292432229
62,376,0.20849631020792003,0.605364404660719,0.002569812782507568,0.00261378828981059,-0.45575847912659034,0.05837946661569653,0.0011012150164438766,-0.5085455498638305,0.5335467913524902,0.2697901325458446,0.46605438092889345,0.5339456190711065
63,376,-0.24799942426761845,0.408874966132156,0.0025886093948081015,0.0026065378237461194,-0.44163649687741663,-0.216138815467662,0.001069169892039395,-0.46832087691477003,0.5647157372787912,0.3096379925668005,0.4351059435605974,0.5648940564394026
64,376,0.42640916637174087,-0.2537458580551101,0.0025437425489492835,0.002569878815383492,-0.42622696806458715,-0.38917521460655524,0.0010171001024922655,-0.44330675448191925,0.47991130762594814,0.3127437161128731,0.5203101816625124,0.47968981833748753
65,376,-0.32744501091474376,2.532138188775158,0.0025183328528308926,0.0025512780709330864,-0.41383934536195816,0.1683528807331273,0.0010370712075249752,-0.5244278787694713,0.4909005547933122,0.2854924560113864,0.5077526540512681,0.4922473459487319
66,376,0.1073471928248182,1.3721613278581581,0.002467359473465625,0.002485666945118437,-0.3999081441855177,0.2033308580161092,0.0010606369345348315,-0.5296083488996993,0.49480145131336883,0.26212314755083344,0.5043458970337122,0.49565410296628776
67,376,-0.20308254966221284,0.13260446659407354,0.002390751011726605,0.0024088449504330476,-0.38597285264032954,0.03794709054079461,0.0010695694614007978,-0.5055229102875641,0.5860708137934513,0.33414195208699715,0.41364429100344946,0.5863557089965505
68,376,0.227971612381225,-0.4676094255145178,0.002468056671514592,0.00247882012534203,-0.3743756116229169,0.18740669515063155,0.0010931556604232946,-0.5274206715774663,0.5238752005265114,0.3674150124957399,0.47618517550589656,0.5238148244941034
69,376,0.1929005660203984,1.6813866312626082,0.0024496216421075008,0.0024672943257796082,-0.3623060381158869,-0.2725964094056411,0.001056641506718197,-0.46010679224545653,0.48316817619699115,0.24993253331978954,0.515149536530906,0.484850463469094
70,376,0.05677102149456914,-0.4327024535726527,0.002439739263710625,0.002476853006110685,-0.3487696379740187,-0.11671293609121695,0.0010386421425248485,-0.48297408801761077,0.5704380809626681,0.2995764284496788,0.42974544680623794,0.5702545531937622
71,376,-0.3625994477333734,0.2973798910829466,0.0023536458871565124,0.0023674543710435402,-0.33611757688699884,0.08965346718484417,0.0010503240687713801,-0.5130433865050052,0.5585850063473621,0.3383310712559693,0.4410740940136815,0.5589259059863185
72,376,0.1411126495077042,-0.23499417401705514,0.0023749213346200898,0.002385585526427987,-0.32422367855906487,-0.004416384942274779,0.001047892752859617,-0.4993372997467188,0.4764207981209806,0.32352080302460773,0.5235444792728962,0.47645552072710373
73,376,-0.5241183969737904,1.4678500036213418,0.00233872004962982,0.002350646877993255,-0.3131202921429847,-0.19481064988537988,0.001022695666580969,-0.47163126233251806,0.4632222742000793,0.2919313651081118,0.535722111797942,0.46427788820205795
74,376,0.31905150315287756,0.2011653896022585,0.00237246422237033,0.00237876612958102,-0.2992765932007039,-0.23419492393533917,0.0009915162568401676,-0.4660530242514103,0.5140154639932704,0.29817242332123284,0.48563503898208515,0.5143649610179148
75,376,0.16033757474860977,1.2157593748703044,0.0022970155618980805,0.002311890742969402,-0.29105599640690266,0.03341540588224505,0.0009961218310935724,-0.5048173564545652,0.44229687639373416,0.2710480029835815,0.5567871881355196,0.4432128118644804
76,376,-0.01890385034494102,0.06305181866398679,0.0022186495346993088,0.002229119729971454,-0.27776139352391377,-0.009371531176123214,0.0009928086943987596,-0.4986371264020179,0.4513597638207547,0.3330019739838268,0.5479779813325366,0.4520220186674633
77,376,0.07591938671211551,0.7871072844803395,0.0022764973193184134,0.0022862180457524756,-0.26950860586255154,-0.1279223749929286,0.0009713801658957821,-0.4815050335799126,0.42523597204621805,0.26131229919894794,0.5740482577011504,0.4259517422988495
78,376,0.05928655426214391,-0.008176487402690724,0.002238200262233496,0.0022399668647422196,-0.2574676331528958,0.15378424645143937,0.0009965466108511872,-0.5221996310543506,0.5112308150434748,0.2833183982206645,0.48853324596085435,0.5114667540391455
79,376,0.06621593220006616,0.25869589550934147,0.002284268222246418,0.0022770364036872747,-0.24899795128309982,0.015237541354083001,0.0009972874277389134,-0.5021773695628694,0.4691925476840202,0.30168505343727875,0.5302712935055337,0.4697287064944663
80,376,-0.12420816230587661,0.7556270542756296,0.002295514990692027,0.0022925393128931087,-0.2394747146742141,-0.06413530942270572,0.0009893958318501206,-0.4906966955737865,0.5106192708332488,0.30866607354931114,0.4889808968131593,0.5110191031868407
81,376,-0.17152800687654235,0.6168032267146131,0.002248216254458307,0.0022591110034053154,-0.22795322584979077,-0.1029740445850853,0.0009762025614303208,-0.4851163253188133,0.48968166025712134,0.2891368283754133,0.5097127510761816,0.4902872489238183
82,376,-0.36222679403726943,2.517475296895412,0.0021941730151314566,0.0021919979530564964,-0.2169041106120703,-0.08837420030675353,0.0009655885172945492,-0.4872456004724224,0.4472508043684858,0.30091461089868915,0.5515426594494316,0.44845734055056846
83,376,0.0855668296899239,0.3370369616229758,0.0022122766568692044,0.0022096692140466793,-0.20633776652369093,-0.364711603298387,0.0009160256622111161,-0.4476589606876703,0.5307647099203252,0.29774411862496347,0.4686897430930792,0.5313102569069208
84,376,0.27139256670488976,2.8641370092050953,0.002193464200009909,0.002197637613132061,-0.19731721777389657,0.028236517494425496,0.0009187965957398953,-0.504026702823157,0.478829507180985,0.24999066801050596,0.5196477970745422,0.48035220292545777
85,376,-0.4255956313718343,2.432673918833937,0.0022128542982403467,0.0022039507085982553,-0.18302515493904023,-0.049991613670073924,0.000912653438703203,-0.49283754389653817,0.4386983650161865,0.2936839906159665,0.5600491017997914,0.43995089820020855
86,376,0.4729037927281752,0.3960024309177905,0.0021564382843009414,0.0021695747706504103,-0.17428671536927529,0.24630585958824514,0.0009484960827314136,-0.5352578979144071,0.526006199340237,0.3121022770507107,0.47363017402613056,0.5263698259738694
87,376,-0.1954742777033971,0.22631610552227532,0.00221742281196094,0.002227011986294801,-0.16678120512911615,-0.36503542670385636,0.0008982959476706737,-0.44776149482486094,0.46535570340904786,0.3033053502887474,0.5343194894218656,0.46568051057813437
88,376,0.1079930975483876,-0.24529856915864778,0.002180882191788306,0.0021837840006597577,-0.1594856682213697,0.11289623252888943,0.0009097016806444873,-0.5160925263499326,0.5383301072932304,0.304893883990523,0.4616609832459361,0.5383390167540639
89,376,0.15504157717805356,1.0920985706229542,0.0021837006169470384,0.002180369622247452,-0.1515338029514285,0.008170555761836945,0.000911754402199681,-0.501146889628565,0.5047425250423715,0.29793372808096497,0.49451473992011785,0.505485260079882
90,376,-0.11715894168082741,0.5728771444089076,0.0021507573720226263,0.0021671585359689877,-0.14453662743673046,0.1864031273277199,0.0009378896448117677,-0.5266651584509205,0.5535758130569407,0.29902729723535326,0.44574243999090046,0.5542575600090995
91,376,0.4094459223560989,-0.05060336128318921,0.0021804115271190816,0.002180023394720728,-0.13624349115614562,0.3836543515344408,0.0009858302756549692,-0.5552108511328697,0.5880122379736697,0.27394362215335455,0.41199746153733563,0.5880025384626644
92,376,-0.3321000305004418,0.13963267601900786,0.002178553041031069,0.0021859051401484164,-0.1295522801538414,-0.29336713330740943,0.0009500170216795544,-0.4577119533131097,0.5087372923785067,0.3047733528453254,0.490779584107007,0.509220415892993
93,376,-0.016347585566109046,-0.46334581341708636,0.00213617428597261,0.0021426814200822264,-0.12547751902503537,0.05381263914379351,0.0009535497371947705,-0.5077163940890038,0.5790605059963592,0.2913555271331052,0.4211549826053118,0.5788450173946883
94,376,0.09940494401962496,0.33701774996284883,0.0021566938085015863,0.002160841153880106,-0.11902777694086446,-0.13600953222014645,0.0009371973334302902,-0.4804503402098062,0.5246917173424934,0.2963151267200463,0.4746764280582625,0.5253235719417374
95,376,-0.42029318686400075,0.8361777359013671,0.002141420567219958,0.0021421385732692407,-0.111903601306233,-0.017316081145025315,0.0009361895860594127,-0.4974978612934021,0.5209617024247951,0.29445655280487737,0.4783156367017814,0.5216843632982187
96,376,-0.05605981659027748,0.3641961306327899,0.0021765004104112294,0.002190907842459831,-0.10570322056400015,0.38128018335617603,0.0009832334983704435,-0.5548335529388265,0.5769047649141322,0.3179811457792091,0.4226559605294434,0.5773440394705566
97,376,0.4825768266018713,0.7691763601597141,0.0021642558840152984,0.00217046462707816,-0.09912489566634944,0.2163637861252782,0.0010113364545490703,-0.5312973489152625,0.5607563687607329,0.32088345191666856,0.43915912892507375,0.5608408710749263
98,376,0.3205817372800084,-0.2957820007898794,0.0021192733426900344,0.002117040738007648,-0.09188136705098317,0.09304121561705116,0.0010247675738465768,-0.5134909317055916,0.6520069426995643,0.26093941820206823,0.34787215395181464,0.6521278460481853
99,376,0.7440219704149058,0.041026871565113865,0.002145395042347484,0.0021419972559050754,-0.0867574131908886,0.26038437676516935,0.0010635808517798705,-0.5379238538444042,0.6337216579692161,0.2926822412273569,0.3659186425967633,0.6340813574032367
100,376,0.5941051682275429,0.19714410856068088,0.0021741154629667785,0.0021782091820607597,-0.08251890393489218,-0.13045731665408042,0.001046598470960789,-0.480953145098496,0.589941800036963,0.2863270083718784,0.4100991597047384,0.5899008402952616
101,376,-0.352262702974258,-0.14216068988098995,0.0021466800885428577,0.002163145437271909,-0.07731407216968054,-0.019471596906635354,0.0010411144404134168,-0.4971496228604241,0.5336796265650303,0.33413983221886145,0.46572363448807325,0.5342763655119267
102,376,0.09000519622168213,3.4326557578646915,0.0021544260915958304,0.002169450658294273,-0.07028363025846317,0.10948620447294509,0.0010534925477079945,-0.5159164941374291,0.45305633061426753,0.2705756096905325,0.5452816113037939,0.454718388696206
103,376,0.3106701760625583,-0.5209892403528105,0.0021471980404346547,0.002170105013956732,-0.0632596199271923,-0.151966474873529,0.0010330317508175152,-0.4778459934874418,0.587896909485472,0.2826530805503141,0.41229941799907266,0.5877005820009273
104,376,0.4347981296668877,0.319949667383308,0.002138653266654806,0.002139822938454714,-0.057902577447090695,-0.08051304733182521,0.001022644667534681,-0.4882885718599279,0.5670890557639142,0.28699421595378627,0.43238367713377707,0.567616322866223
105,376,-0.3458575326949358,3.138572767593433,0.00215248162040804,0.002148239516982551,-0.05265585353915045,-0.16217438654696686,0.0009987565421083928,-0.47645671554702396,0.41538668106845084,0.2654636178050401,0.5832207913329338,0.41677920866706614
106,376,-0.7200223357504001,-0.30586062266476766,0.002153245462203755,0.0021449801963481538,-0.04536511648094599,0.2803501024386509,0.0010363059789693521,-0.5406729302349242,0.5821840798759714,0.32232282821782493,0.41790232145350165,0.5820976785464984
107,376,0.021715947195275476,0.28144198087934,0.002160436398859948,0.002166425203347202,-0.04174532788245879,0.29490481421569403,0.0010788303349481322,-0.543016948677758,0.5870243068388168,0.3031893959781915,0.41255680117664667,0.5874431988233533
108,376,-0.3924452081810159,1.9389486322337972,0.002129104992491193,0.002134772996291855,-0.03536378053150714,0.1604902936601417,0.0011048760319190185,-0.5235152104275024,0.4788643517234224,0.2834366345672818,0.5201854787622591,0.479814521237741
109,376,-0.3092473596771015,0.4517370362292208,0.0021764231193067626,0.002195057099712319,-0.027521185393933147,0.12445096277255327,0.0011245811144581543,-0.5182745031457632,0.5218930752511989,0.29495165590329664,0.4775473702237774,0.5224526297762228
110,376,0.03411853207217064,0.5665841807583696,0.002178827747442522,0.0021949983920228292,-0.02057245493113519,-0.18124385077030736,0.0010944321772917746,-0.4733438628547369,0.5245098644431602,0.29580355821972615,0.47506842774334435,0.5249315722566557
111,376,-0.04054606230420177,0.685062713773956,0.0021550768544833037,0.002183770805478413,-0.016412423991107757,0.16835495016161114,0.0011201563126739156,-0.5247210632375581,0.5280087463399197,0.29169413548951045,0.47127646562709513,0.5287235343729049
112,15,0.0,-0.8307718738515998,0.0021353685685123005,0.0021218022952477138,-0.010138702268401781,-0.10776674250761668,0.0011213045845637566,-0.4841354588667552,0.8753562092781066,0.21020030000538997,0.1308481802598932,0.8691518197401069
113,376,-0.3554894266765132,3.8486279728931967,0.002186413110974443,0.0021720820337538904,-0.009264448469695437,-0.10423648882498766,0.001103082269345038,-0.48465631704064127,0.3994451056611031,0.2737049158891636,0.5989970254127212,0.4010029745872789
114,376,0.21391603024676442,-0.16786188598638474,0.0021403691130120585,0.00213296101502876,-0.0032643920071967975,-0.16974175969594496,0.0010778066515348544,-0.4751050894723294,0.5843796292518048,0.27710714207192155,0.41542987968937123,0.5845701203106288
115,376,-0.16696506145308376,0.42634531555237376,0.0021530065841556703,0.0021578542813237636,0.0005911397763176207,-0.0058249736333543314,0.0010790781431896928,-0.49912641474858244,0.5857971901113682,0.28404902983041913,0.41367981677052557,0.5863201832294745
116,376,0.1028465068868627,0.22256001723069563,0.0021269187957241617,0.0021334693251930654,0.006688923533650442,0.03981862788861419,0.0010826671608184994,-0.5058057509521221,0.6166679433527145,0.3076665878663271,0.3828722773067337,0.6171277226932663
117,376,-0.7188587061536964,1.1820031420956965,0.002131810213657136,0.0021334202648041413,0.012130294053968874,0.18346703967991027,0.0011107740758541855,-0.5269045689480102,0.44304347997333143,0.2893910260361076,0.5561619417687025,0.4438380582312976
118,376,0.18306037783622742,0.7975048140144949,0.0021580301867327356,0.0021584837609515623,0.016922091429884684,-0.04639806009908306,0.0011049810078126022,-0.4931694955188543,0.5617988834831309,0.2962295795307011,0.4375868322661465,0.5624131677338535
119,376,-0.38579682581621455,0.5173473090340133,0.0021418486062333266,0.002137296728138376,0.02265882435591614,-0.2225037064165511,0.0010687172861214705,-0.4673783739513539,0.5800096702543979,0.3132504817085583,0.41939900494797655,0.5806009950520234
120,376,-0.08635445663821883,0.10140034721436009,0.0021340057121941505,0.0021174081367133384,0.029322188925939276,-0.2951845238876945,0.0010246055621331298,-0.4569671217035106,0.6367714520781598,0.2885579612690589,0.3632101384798875,0.6367898615201125
121,376,-0.08054229767003562,0.44223514404127484,0.002164766306065003,0.002156447093163498,0.03186292493990821,0.10845913927744519,0.0010390500515291955,-0.5157541874399845,0.5953839072521697,0.30805598251578953,0.4041067225860638,0.5958932774139362
122,26,0.0,-0.8634583128775354,0.0021021035231220033,0.002121273396859089,0.037355368670362696,0.014350705421887912,0.0010393775995789802,-0.5020888493611262,0.7463706009663068,0.2726059490475527,0.2574484111762011,0.7425515888237988
123,376,-0.41639447123452555,1.1778907784669732,0.0021727296382565288,0.0021746345601252656,0.03794675421321447,0.025616166310662283,0.0010409670764015974,-0.5037122792861564,0.43736959985913115,0.25807786383050474,0.5625265077288544,0.4374734922711456
124,376,0.401430420082761,-0.20985810925405646,0.0021448320618761268,0.0021370022156414516,0.04387367172216244,-0.055585115751687515,0.0010342034922907212,-0.4918876764701402,0.5606904766185486,0.27623299178432015,0.4391995320019878,0.5608004679980122
125,376,-0.14331032475456595,-0.3513067177208351,0.002153480717753793,0.0021575534080918086,0.048425753412649354,-0.07641667916261136,0.0010238928422672624,-0.48887730104492066,0.5748443299944096,0.3197114187512301,0.42536733680294564,0.5746326631970543
126,376,0.06237440749828238,0.4437629295419012,0.0021791067869189455,0.0021811412951408668,0.05088892544897154,0.10451435461699804,0.0010410547166203564,-0.5151813638971207,0.5967718787649845,0.3050537099034897,0.4026606024820039,0.597339397517996
127,376,0.2700715228857007,-0.339705839571699,0.002159797531079521,0.002159950576977745,0.05506327488221862,0.17207792491969118,0.0010657928532047513,-0.5250753153194773,0.602927795036676,0.2899950568840608,0.3973994830725371,0.602600516927463
128,376,-0.023887497340183472,1.4251229281574713,0.002178041677441488,0.0021602297833367705,0.06002041744068265,-0.117350376488522,0.0010458611561912044,-0.4828428867808048,0.4953872113627322,0.25657306186612977,0.5041087349460251,0.49589126505397485
129,376,-0.29155597323551774,2.954638483686842,0.0021936351602446246,0.002197621896753999,0.06503425007487865,-0.0034776727094295175,0.0010478062526942042,-0.4994724912846342,0.4739439528673253,0.26611591739878593,0.524891271356603,0.4751087286433971
130,376,0.27029091281292494,-0.48625241846758716,0.0021734969124465467,0.002172820881861163,0.07249142661532189,0.0027642974511105966,0.0010459230310130396,-0.5003917683708541,0.573001872193306,0.2866378496529988,0.42703418687878647,0.5729658131212135
131,376,-0.047896963465973386,2.611109080092115,0.0021923297261967857,0.0021781508455999154,0.07540079721427978,0.09983220589446261,0.0010606655086560061,-0.5145419979507618,0.5097376629710197,0.2977999238551915,0.48931230031461137,0.5106876996853886
132,376,0.5040400007856078,-0.1298062945562959,0.002205696027847304,0.002188242121074507,0.07941597230494657,-0.060237969687961516,0.0010516504226515972,-0.4911953689173815,0.5579495766854032,0.26747681213872887,0.4416566002388676,0.5583433997611323
133,376,-0.11417587651521899,-0.0707075757538147,0.0021622955057264723,0.0021533292799970094,0.08220271102370734,0.06590045738886012,0.0010617469316801737,-0.5096002775937953,0.5393871777552239,0.28771735875894683,0.46016872045402546,0.5398312795459745
134,376,-0.10713843323355832,-0.2759975277127412,0.002137368859195626,0.002137580639719864,0.08543320793777387,-0.0984355264858521,0.0010470393528582552,-0.4856270625791017,0.5665838333203438,0.28098699119506043,0.43339527268645817,0.5666047273135418
135,376,0.41510292634779944,0.015167011548529619,0.0021765614470263864,0.0021668284969835324,0.08883360015386914,-0.05506818431944765,0.0010370188960696837,-0.4919639666109009,0.5641461650424815,0.29258205488518774,0.4358606867743582,0.5641393132256418
136,376,-0.12391885982833628,0.4474133917779055,0.0022157711853728968,0.0022051236784194615,0.09105536478393256,0.1765713362478988,0.0010656888910315827,-0.5257354087810567,0.5034087558693074,0.3177902490842894,0.49600316971043773,0.5039968302895622
137,376,-0.0918288903485518,1.0048966080794344,0.0021705837586542907,0.002165482119419315,0.09630681239464815,0.08856348968804517,0.0010820701633108588,-0.5129384732547593,0.4975106141510162,0.31227995415219034,0.5017039879419584,0.4982960120580416
138,376,-0.18404424334403302,-0.11864148029509447,0.0021865572628659256,0.002177695780583816,0.10005555557523002,-0.06368437172607222,0.0010706619144471548,-0.4906707964044936,0.5206150845327275,0.3248110685047766,0.478979153734894,0.521020846265106
139,376,0.17380439956650662,0.3755730035140452,0.002157694683348304,0.002160438894977833,0.1034596933329359,0.31286418581619224,0.001123605032516143,-0.5458805948654388,0.607049445284808,0.3018086839537755,0.3926471148511109,0.6073528851488891
140,376,-0.44644664118095534,2.227510380680293,0.002189798502281229,0.002173061618839014,0.10653666073971606,0.09912376141453043,0.001138806050920806,-0.5145995875305318,0.41781483804608915,0.2890620676420805,0.5806869762708996,0.4193130237291004
141,376,0.48090164085988363,0.041773226503329486,0.0021732386592973737,0.0021657891406806464,0.11134263268731376,0.1422910331054888,0.001164746104157478,-0.5210203805819471,0.5249512980275965,0.3114642798166222,0.4745815004615926,0.5254184995384074
142,376,0.03394533391838195,0.6604093967835147,0.0021733180960352987,0.002177351469575289,0.11486344667587509,-0.3165580722542995,0.0011076753087951839,-0.45326714384111955,0.4563274011808507,0.30420354134588523,0.5427388587577006,0.4572611412422995
143,376,0.45195642055841745,1.1360659288965849,0.002189150307032755,0.002188013078573041,0.11822875262178639,-0.02800647330846875,0.0011052929485334546,-0.4958665564339212,0.467263659264179,0.2711717392282205,0.5321512609877057,0.4678487390122942
144,376,-0.20567295275395736,1.2585374463856978,0.002192221632403163,0.0021822482989630365,0.12317346028508024,-0.03281367116885141,0.0010998699997469181,-0.49516205648158457,0.5235913930896748,0.29447429525675944,0.47599021247118334,0.5240097875288167
145,376,0.15200100193032995,0.1997607142159461,0.0022164770501710354,0.0022084947333032108,0.12735125382846973,-0.19103960526433397,0.001069479226100133,-0.4720058785157001,0.4683115911135014,0.2943899756379415,0.5311602410377381,0.46883975896226193
146,376,0.12591310596326366,0.10263059979333455,0.0021886871093537343,0.002183182978695457,0.12890184973861943,0.12205381217868404,0.0010884959377632263,-0.5178579785563844,0.5629792715957824,0.2958281552081874,0.43706084039803894,0.5629391596019611
147,376,0.06507854303345084,1.198346348146448,0.002209551304831427,0.0022011084201562395,0.1324264154908188,0.28459690675198873,0.0011381700837728187,-0.5418295433071065,0.3962681788871897,0.26548530033136863,0.6029770040967066,0.39702299590329343
148,376,-0.45139548239239957,0.8501359439155607,0.002171866304706782,0.0021672889768601733,0.13779897589553544,0.16967950847515084,0.0011675096531839492,-0.5250638837509967,0.4368424021658745,0.2869104816169794,0.5623530534314009,0.4376469465685992
149,376,0.0711514623981202,0.537257569023224,0.002197654866440063,0.0021813387373843763,0.14017224991495938,0.19109455941918682,0.0012007330385920348,-0.5283457720850376,0.546862855395104,0.3087612866638978,0.4524319656985787,0.5475680343014213
150,376,-0.04415585578988157,3.0964852469552513,0.0021502749326866755,0.0021447383528055146,0.14374664366403792,0.011516535089925882,0.0012067604788465222,-0.5016972751931307,0.40234973392588025,0.26204006162641796,0.5964902802196151,0.40350971978038486
151,376,0.12246346532629104,2.4029448302415326,0.0021836399020220927,0.0021780141037294363,0.14762941593343906,-0.06496820633022234,0.001191837384288896,-0.49032148421603317,0.506569210202136,0.2584432397865879,0.4922257516693136,0.5077742483306864
152,376,0.47042249749210896,-0.12691312152620282,0.0022463438706720206,0.0022428947512649912,0.15045855840311406,0.11539646009716423,0.0012142980929446042,-0.5171509778245966,0.6082942898761718,0.27840109827615367,0.3916311083706551,0.6083688916293448
153,376,-0.6402267678640783,-0.39886385212725917,0.002134361256042773,0.002149354247562092,0.1526345021903832,0.008658600564887549,0.0012175479942536185,-0.5012733123879484,0.5145352194283871,0.3103654769239605,0.48562564596451996,0.51437435403548
154,376,0.18202276556257857,-0.43399413661493913,0.002221695358921932,0.002214976222913197,0.15466477030373,-0.07425372085553851,0.0012030364688525301,-0.4889372448496362,0.5284036585783705,0.3050259032612193,0.4719419673196278,0.5280580326803722
155,376,0.3840448036844464,2.41804994765868,0.0021796711826414625,0.0021899315544671597,0.15660629940635346,-0.09340527252432831,0.0011847341795217664,-0.4860908616175677,0.4663652650853421,0.2766172470510456,0.5325874475508945,0.4674125524491055
156,376,0.16762443901461666,1.6091492184052743,0.0021980097641217263,0.002203241097455983,0.15898889782739448,0.3272729044225305,0.0012408177870808104,-0.5487148713399755,0.5071561063065174,0.2829017478945374,0.4918301427143565,0.5081698572856436
157,376,-0.024283936761094083,0.1360777872216392,0.0021813938563238788,0.0022015782175932395,0.16391039493077614,0.10791434468503328,0.0012642109360062933,-0.5161322954090986,0.6262530764525241,0.3097026466683624,0.3738310402068349,0.6261689597931651
158,376,0.19116126978769898,-0.1427018487900349,0.002216575897615799,0.002218847741692406,0.1684922188758216,-0.168421072033333,0.0012323450662386115,-0.474800040747257,0.5724255957026431,0.2776612395796036,0.4275596794719015,0.5724403205280985
159,376,0.09032954663780401,-0.20299275972809694,0.0021530322822187332,0.002166202546040369,0.1684302409040801,0.09771851500734052,0.0012504144178457747,-0.5145800827824055,0.6138514240688466,0.26918104541112853,0.3864084026835983,0.6135915973164017
160,376,0.22695700778785977,2.5900057884652687,0.0021697949581566526,0.0021757860420311384,0.17022513586314433,-0.0743163302293087,0.001235609413180094,-0.48887930877823776,0.446520143604659,0.25613395361399716,0.5522931175762973,0.4477068824237027
161,376,0.31576354218486813,-0.09604324954541221,0.002206057482250431,0.0022137846408827985,0.1733769420138065,0.02755278497538034,0.0012391581595500695,-0.5041080794515128,0.5845328152496764,0.2733735923273978,0.41532079200479793,0.5846792079952021
162,376,-0.09381459453288699,-0.47682533913321634,0.0021610458720812296,0.002177173843015322,0.17350084786402417,-0.13850622225869844,0.0012135979445897231,-0.4793299386238164,0.5545510934229861,0.2859315732302056,0.44564824925289703,0.554351750747103
163,376,-0.29418108786353514,0.1049914735465225,0.002198725095095529,0.0022170996671775356,0.1756638282157005,-0.0954455418928348,0.0011935062827110182,-0.48579069571767713,0.4846827597060102,0.33739384260181626,0.515315906055077,0.48468409394492296
164,376,0.2941366926434057,-0.18925501245960885,0.0022078592363036576,0.00223056570177234,0.17736895196139812,0.09014661408009682,0.0012111200286720266,-0.5133958265106094,0.5916479436006952,0.2718401885968952,0.40823611297400936,0.5917638870259907
165,376,-0.17859920512182725,2.6124222106968817,0.002205315747600485,0.002223523333668709,0.18008040006648987,0.09294079676111962,0.0012315435376915364,-0.5138447602537084,0.4298988160617808,0.2770259735728583,0.5689730169025367,0.43102698309746335
166,376,-0.34910225987005106,2.9571004805211096,0.0021905608659738953,0.0021982153204512444,0.1844379797260812,-0.0016507106991682915,0.0012296485965830216,-0.4997424425042056,0.39648474562675395,0.2708767984618471,0.6026383066984964,0.39736169330150367
167,376,0.018186030472861603,-0.009168425914876766,0.002186548913162737,0.002203394311165655,0.18682648114701536,0.008312011177235462,0.001230023601422458,-0.5012224014610687,0.4710769536013299,0.32285931249981614,0.5286684730728105,0.4713315269271895
168,376,0.3641485450643813,0.660830346232107,0.0022222377512197784,0.002227374242910957,0.18848965534979992,-0.08646366710556631,0.0012120834394146781,-0.4870913088163163,0.486600001045364,0.3064433728632802,0.5127885716517482,0.48721142834825176
169,376,0.2445344983425457,0.42346536898522347,0.002185247244035944,0.00221231170593107,0.19232003418530555,-0.11814278250243118,0.0011931752135511452,-0.48241231348761854,0.5051372973050209,0.32722782524547406,0.4943150517141469,0.5056849482858531
170,376,0.12161048316193046,-0.023223343866638935,0.002210999972142398,0.0022261808168123217,0.19377816305991183,0.006512321977618527,0.0011905258018533227,-0.5009459170730824,0.5241962553180278,0.32884706329533175,0.47553592143964335,0.5244640785603566
171,376,0.11166335190387144,3.511573773939877,0.0022043927669886778,0.0022365515531496483,0.19756169783625196,-0.20994032059915047,0.0011517685249509168,-0.4688762280535191,0.4000761335358975,0.28133875671487196,0.5986175712500882,0.4013824287499117
172,376,0.0039718964690109715,-0.18189439227508486,0.0022035425276857147,0.002210934385731618,0.2007797468215861,-0.006116850886176875,0.0011538626213902906,-0.49908495737992703,0.5150897189023647,0.30992795973121107,0.4844150439565656,0.5155849560434345
173,376,-0.15499070145597216,0.07098146971333286,0.002217595157723755,0.0022238343133605975,0.20225337765952375,-0.2704758395817369,0.0011078247435754862,-0.4601180950140065,0.5379341388160878,0.2961444882303346,0.4618163638088826,0.5381836361911174
174,376,0.12468495888242614,0.9452452750958187,0.0022400251934626835,0.0022440014566180912,0.20374136029722842,0.1091142452341762,0.0011194921406587478,-0.5160249616316659,0.5089113560921334,0.29803693851713886,0.4905797054506213,0.5094202945493788
175,376,0.03272557843592949,0.3342410444213524,0.0021975704269394515,0.002218641209146107,0.20662544865874535,0.17587295103263348,0.0011527693318404144,-0.5259212954564297,0.4733858175100164,0.314768176055877,0.5260814589656229,0.4739185410343771
176,376,-0.05639703008637298,0.3436080422427268,0.0022313878617616014,0.002215337520960639,0.2092323023825884,-0.09097914454190338,0.0011324605445136287,-0.4865548501306392,0.4902689815201658,0.30540361332453014,0.5092640779732079,0.49073592202679206
177,376,-0.17536289640702307,0.5662431634285825,0.0022461506441493143,0.0022587424210406483,0.212448859389158,0.013016959721658459,0.0011348214141240537,-0.5018992739471984,0.46616310301296254,0.30098942184561894,0.5332573315355473,0.4667426684644526
178,376,-0.003578087329515256,-0.4238623267374215,0.0022015579938368395,0.0022177885133560075,0.21415088904347826,0.10645712849664245,0.0011576047459213783,-0.5157104627367981,0.5488546455001577,0.29487420518755003,0.4516428309936305,0.5483571690063694
179,376,0.4317197210784798,0.17266429661956395,0.002142651824273189,0.002157378291582411,0.2149102295094982,-0.07406611794090652,0.001147049266399721,-0.48904663320393005,0.5075680221965972,0.2946233028051477,0.4921279181946737,0.5078720818053264
180,376,0.09608240445049887,0.34051617587028327,0.0022274016014404317,0.00223993984121641,0.2175760655961138,-0.18808768806543122,0.0011120636407837726,-0.4722746228204763,0.46027689094239094,0.29834921576534673,0.5393280281597204,0.46067197184027964
181,376,-0.0696052192533898,-0.11249146401581323,0.002177509762212991,0.002163038307620074,0.2195463119114333,-0.14260218679865308,0.0010856153498464897,-0.47905829144602124,0.47664667959225937,0.317225690989293,0.5226462263345603,0.47735377366543974
182,376,0.11539545161940623,-0.4670735488382083,0.002146011120899818,0.0021457899711094797,0.2219178854150975,0.011780755881695672,0.0010907740757842776,-0.5017133932164375,0.5706131938607135,0.26610999008537095,0.429328006335438,0.570671993664562
183,376,0.09497139037921443,0.05352931398292138,0.0022223143351630882,0.00222585101777866,0.22324110702314276,-0.08934492733765473,0.0010749449642177254,-0.48690788317075434,0.4721116083575056,0.31224089198334315,0.5274643896696556,0.4725356103303444
184,376,0.15963537371135317,-0.076790428429793,0.002182131858871992,0.0022120616981447577,0.22449519310859925,-0.007524302249100614,0.0010696501830650138,-0.4988910743292976,0.5640329800229124,0.30611278416662496,0.43599514436069914,0.5640048556393008
185,376,-0.04112923586762918,0.17052210016308722,0.0021950655070039383,0.0022073486247694398,0.2267729418867446,0.08720459065281172,0.0010831774752470959,-0.5127523910412763,0.47076758116166645,0.3100093948548388,0.5289606770920902,0.4710393229079098
186,376,-0.6506495997746242,-0.5837952807791927,0.0022328862309842273,0.0022558601906874833,0.22927258052724472,0.23101120865210256,0.0011265744306996907,-0.5339242393507603,0.5302334399299419,0.3096555325855346,0.4698116678459552,0.5301883321540448
187,376,0.24309043523680884,0.7979573038867733,0.002206649142379397,0.0022193742439180534,0.23050428288889693,-0.023653685699831298,0.0011232519795495713,-0.4964942873079092,0.49204305107606217,0.27798711891890826,0.5075257496735809,0.4924742503264191
188,376,0.18962772316808696,3.9568698247249454,0.0022239581030976782,0.002240044656804109,0.2322780741973126,0.12714474316329716,0.0011494596270971533,-0.5187319316207728,0.4486296233978677,0.27112622620468235,0.5497960612181892,0.45020393878181075
189,376,-0.11125451407497167,1.387069186842803,0.002200585815676567,0.0022159804533696437,0.2356125439735169,0.237677047712768,0.0011935053074178077,-0.5351806630955097,0.5650723497284219,0.32369702615660184,0.4342576938522905,0.5657423061477096
190,376,-0.002616879079141654,1.041237789588111,0.00219322149604658,0.002219802258781435,0.23711550750948013,-0.11782895952978349,0.0011721385750942178,-0.48251186806629315,0.5893818351658101,0.3165398399502651,0.4101351738815142,0.5898648261184857
191,376,-0.19612189127587953,1.0496297423156897,0.002201400225687316,0.0022216916107201078,0.24028945405115473,0.15694401848149744,0.0012017813696652273,-0.5232771256185592,0.37161947778881865,0.2793722095239229,0.6272816034768277,0.37271839652317235
192,376,0.10468758833758329,0.7098281033557825,0.0022161279986439115,0.002234848895781436,0.241625969991722,-0.011077696160274618,0.0012001628065900413,-0.49832826040368133,0.5167931590942626,0.31797196127450145,0.4826922789037405,0.5173077210962594
193,376,0.3266913069237489,0.5464072539702232,0.002276096722430629,0.002283003505695849,0.24493388851430822,-0.3217558941625534,0.001137905066165577,-0.45232454350495593,0.48895250046823885,0.3092958256824177,0.5105701276202235,0.48942987237977653
194,376,0.10139951591918361,0.8214432804034317,0.0021980223366668684,0.002219768411336229,0.24527307128177045,0.16269087370366175,0.0011663618463057656,-0.5240303302540424,0.5553608945709594,0.30062443066124783,0.44414453609660126,0.5558554639033987
195,376,-0.44467318494571373,4.317944980979375,0.0022591789642551993,0.0022795619343982097,0.2478024996024497,0.1538088240442758,0.001194962745679509,-0.5227981737636506,0.39957022246845225,0.29505420367698176,0.5994060898936403,0.4005939101063597
196,376,0.09792865318013355,-0.10266962041372107,0.0022313645635260904,0.0022560743515335144,0.2520424532208671,0.0932601724870186,0.0012115770008737227,-0.5138572786558182,0.46795633300504785,0.32474988465904525,0.5317116985042843,0.4682883014957157
197,376,0.047925480890626204,3.3100197280324695,0.0022380009276217762,0.002260997353005223,0.2523789195383483,-0.07665718095178933,0.001197767979725598,-0.48857919336792005,0.4329252170121416,0.2765952600480499,0.5655989876760904,0.4344010123239096
198,376,0.4570996664369886,-0.07731627047523881,0.0022604724338421834,0.0022758097967449974,0.25586129507010286,0.10628443940027439,0.001216783066779474,-0.5158065516263881,0.5607239299632133,0.25763717620682236,0.43913812695666693,0.5608618730433331
199,376,-0.024247134584584273,1.5655753799064542,0.0023384327808905273,0.0023718488036080245,0.25659061924732746,0.1235060163307935,0.001242638609529313,-0.5184257629703968,0.39554778502342547,0.27445648249872345,0.6037062791207206,0.39629372087927944
